variable,month,N,SUSPECT,BAD,Q_median,Q_p95,BAD (%),SUSPECT (%)
Hsig,1,8540,30,3,0.0,0.15384615384615358,0.0351288056206089,0.351288056206089
Hsig,2,7897,22,6,0.0,0.16666666666666674,0.07597821957705458,0.2785868051158668
Hsig,3,8078,31,6,0.0,0.16666666666666682,0.07427581084426839,0.38375835602872
Hsig,4,6814,14,7,0.0,0.142857142857143,0.1027296742001761,0.2054593484003522
Hsig,5,7102,15,4,0.0,0.1538461538461536,0.056322162771050406,0.21120811039143902
Hsig,6,8147,21,4,0.0,0.15384615384615397,0.049097827421136615,0.2577635939609672
Hsig,7,8301,22,5,0.0,0.16666666666666682,0.060233706782315384,0.26502830984218767
Hsig,8,9775,21,8,0.0,0.16000000000000014,0.08184143222506395,0.21483375959079284
Hsig,9,8249,37,5,0.0,0.16666666666666682,0.060613407685780094,0.4485392168747727
Hsig,10,8383,33,10,0.0,0.16666666666666682,0.11928903733746869,0.39365382321364667
Hsig,11,7641,24,6,0.0,0.16666666666666682,0.0785237534354142,0.3140950137416568
Hsig,12,8306,34,6,0.0,0.16666666666666635,0.07223693715386467,0.40934264387189984
Tp,1,8540,45,78,0.0,0.1290322580645161,0.9133489461358314,0.5269320843091335
Tp,2,7897,42,52,0.0,0.1277686852154936,0.6584779030011396,0.531847537039382
Tp,3,8078,43,82,0.0,0.14705882352941174,1.0151027482050012,0.5323099777172567
Tp,4,6814,33,60,0.0,0.14285714285714296,0.8805400645729381,0.48429703551511594
Tp,5,7102,42,67,0.0,0.1666666666666668,0.9433962264150944,0.5913827090960293
Tp,6,8147,48,69,0.0,0.1666666666666668,0.8469375230146066,0.5891739290536394
Tp,7,8301,56,80,0.0,0.1500000000000003,0.9637393085170461,0.6746175159619323
Tp,8,9775,66,86,0.0,0.15384615384615397,0.8797953964194374,0.6751918158567775
Tp,9,8249,66,90,0.0,0.17510442773600618,1.0910413383440416,0.8000969814522972
Tp,10,8383,64,72,0.0,0.17647058823529407,0.8588810688297746,0.7634498389597996
Tp,11,7641,52,71,0.0,0.14705882352941177,0.9291977489857348,0.6805391964402565
Tp,12,8306,57,73,0.0,0.13636363636363644,0.8788827353720202,0.6862509029617144
Hmax,1,8540,61,45,0.0,0.19047619047619016,0.5269320843091335,0.7142857142857143
Hmax,2,7897,57,45,0.0,0.20000000000000015,0.5698366468279094,0.7217930859820185
Hmax,3,8078,47,29,0.0,0.19999999999999996,0.35899975241396387,0.581827184946769
Hmax,4,6814,26,22,0.0,0.18548664944013737,0.32286469034341064,0.38156736131493985
Hmax,5,7102,29,22,0.0,0.16962225274725268,0.30977189524077725,0.40833568009011545
Hmax,6,8147,29,9,0.0,0.173463268365817,0.11047011169755738,0.3559592488032405
Hmax,7,8301,43,24,0.0,0.19318181818181807,0.28912179255511383,0.5180098783279123
Hmax,8,9775,58,16,0.0,0.19354838709677408,0.1636828644501279,0.5933503836317136
Hmax,9,8249,58,21,0.0,0.19999999999999996,0.2545763122802764,0.703115529155049
Hmax,10,8383,54,32,0.0,0.1935483870967743,0.3817249194798998,0.6441608016223309
Hmax,11,7641,41,19,0.0,0.18749999999999986,0.24865855254547833,0.5365789818086638
Hmax,12,8306,55,42,0.0,0.19047619047619035,0.5056585600770528,0.6621719239104262
HM0,1,8540,24,5,0.0,0.15384615384615377,0.0585480093676815,0.2810304449648712
HM0,2,7897,27,5,0.0,0.15384615384615397,0.06331518298087882,0.3419019880967456
HM0,3,8078,25,5,0.0,0.16666666666666682,0.06189650903689032,0.3094825451844516
HM0,4,6814,21,6,0.0,0.14285714285714296,0.0880540064572938,0.30818902260052833
HM0,5,7102,16,3,0.0,0.14809368191721126,0.042241622078287806,0.22528865108420162
HM0,6,8147,20,3,0.0,0.14285714285714296,0.03682337056585246,0.24548913710568307
HM0,7,8301,22,8,0.0,0.16666666666666644,0.09637393085170462,0.26502830984218767
HM0,8,9775,31,6,0.0,0.15384615384615397,0.061381074168797956,0.3171355498721228
HM0,9,8249,30,2,0.0,0.16666666666666682,0.024245363074312038,0.3636804461146806
HM0,10,8383,34,8,0.0,0.16666666666666674,0.09543122986997495,0.40558272694739356
HM0,11,7641,33,6,0.0,0.16666666666666663,0.0785237534354142,0.43188064389477815
HM0,12,8306,25,1,0.0,0.16666666666666635,0.012039489525644112,0.30098723814110284
Avg_Sal,1,9960,47,30,0.0,0.09523809523807675,0.30120481927710846,0.4718875502008032
Avg_Sal,2,9164,34,29,0.0,0.08191702910672057,0.31645569620253167,0.37101702313400264
Avg_Sal,3,9535,15,14,0.0,0.05263157894737747,0.14682747771368643,0.15731515469323545
Avg_Sal,4,8995,14,19,0.0,0.05660377358490768,0.2112284602556976,0.1556420233463035
Avg_Sal,5,9904,5,8,0.0,0.04596119371507558,0.08077544426494346,0.05048465266558966
Avg_Sal,6,9543,4,3,0.0,0.03960396039603884,0.03143665513989312,0.04191554018652415
Avg_Sal,7,9451,5,2,0.0,0.03726851851852839,0.021161781822029414,0.05290445455507354
Avg_Sal,8,9880,3,4,0.0,0.03106560559006418,0.04048582995951417,0.030364372469635626
Avg_Sal,9,9545,2,7,0.0,0.03333333333334762,0.07333682556312206,0.020953378732320588
Avg_Sal,10,9842,8,6,0.0,0.03333333333334991,0.0609632188579557,0.0812842918106076
Avg_Sal,11,8995,5,14,0.0,0.04999999999999112,0.1556420233463035,0.055586436909394105
Avg_Sal,12,9721,8,8,0.0,0.07317073170732045,0.08229606007612386,0.08229606007612386
Avg_DO,1,9939,16,13,0.0,0.1000000000000009,0.13079786698863063,0.1609819901398531
Avg_DO,2,9162,14,14,0.0,0.11359970674486684,0.15280506439642,0.15280506439642
Avg_DO,3,9440,36,16,0.0,0.1153846153846131,0.1694915254237288,0.3813559322033898
Avg_DO,4,8979,32,20,0.0,0.13333333333333022,0.22274195344693173,0.3563871255150908
Avg_DO,5,9883,47,14,0.0,0.13456848030018714,0.14165739148031975,0.4755640999696448
Avg_DO,6,9521,22,15,0.0,0.13513513513513598,0.1575464762104821,0.23106816510870706
Avg_DO,7,9413,28,9,0.0,0.12499999999999778,0.09561245086582386,0.2974609582492298
Avg_DO,8,9854,28,15,0.0,0.12500000000000003,0.15222244773695962,0.2841485691089913
Avg_DO,9,9508,28,9,0.0,0.12499999999999722,0.09465713083718974,0.2944888514934792
Avg_DO,10,9775,18,14,0.0,0.1074324324324323,0.1432225063938619,0.18414322250639387
Avg_DO,11,8969,20,13,0.0,0.12397959183673402,0.1449436949492697,0.2229902999219534
Avg_DO,12,9677,12,5,0.0,0.09090909090909165,0.05166890565257828,0.12400537356618786
Avg_W_Tmp1,1,9943,5,2,0.0,0.04166666666666517,0.02011465352509303,0.05028663381273257
Avg_W_Tmp1,2,9154,2,2,0.0,0.03571428571428489,0.021848372296263928,0.021848372296263928
Avg_W_Tmp1,3,9496,3,1,0.0,0.040000000000000924,0.010530749789385004,0.03159224936815501
Avg_W_Tmp1,4,8969,8,5,0.0,0.06666666666667341,0.05574757498048835,0.08919611996878135
Avg_W_Tmp1,5,9890,22,12,0.0,0.09574175824175388,0.12133468149646107,0.2224469160768453
Avg_W_Tmp1,6,9531,19,10,0.0,0.10582306830907931,0.10492078480747036,0.19934949113419367
Avg_W_Tmp1,7,9417,24,6,0.0,0.10381125226860335,0.06371455877668047,0.2548582351067219
Avg_W_Tmp1,8,9851,14,10,0.0,0.11111111111108918,0.10151253679829458,0.14211755151761243
Avg_W_Tmp1,9,9520,11,8,0.0,0.0714285714285823,0.08403361344537816,0.11554621848739496
Avg_W_Tmp1,10,9778,2,5,0.0,0.03905308464849269,0.0511352014726938,0.020454080589077522
Avg_W_Tmp1,11,8974,5,2,0.0,0.03544117647058894,0.022286605749944285,0.05571651437486071
Avg_W_Tmp1,12,9705,12,2,0.0,0.04335403726707794,0.020607934054611025,0.12364760432766615
Avg_W_Tmp2,1,9945,4,0,0.0,0.03846153846154337,0.0,0.04022121669180493
Avg_W_Tmp2,2,9154,2,1,0.0,0.030824742268040054,0.010924186148131964,0.021848372296263928
Avg_W_Tmp2,3,9495,4,0,0.0,0.03448275862069515,0.0,0.042127435492364404
Avg_W_Tmp2,4,8966,6,1,0.0,0.05473225404732214,0.01115324559446799,0.06691947356680794
Avg_W_Tmp2,5,9864,15,8,0.0,0.09090909090907329,0.08110300081103,0.15206812652068127
Avg_W_Tmp2,6,9530,9,6,0.0,0.09523809523809282,0.06295907660020986,0.0944386149003148
Avg_W_Tmp2,7,8042,13,2,0.0,0.09090909090910544,0.02486943546381497,0.16165133051479733
Avg_W_Tmp2,8,8732,14,3,0.0,0.09090909090908944,0.03435639028859368,0.1603298213467705
Avg_W_Tmp2,9,9522,8,6,0.0,0.06250000000000971,0.0630119722747322,0.08401596303297626
Avg_W_Tmp2,10,9779,1,2,0.0,0.03658536585365601,0.020451988955925964,0.010225994477962982
Avg_W_Tmp2,11,8970,1,1,0.0,0.030473098330242084,0.011148272017837236,0.011148272017837236
Avg_W_Tmp2,12,9705,3,0,0.0,0.03787878787878841,0.0,0.030911901081916538
Avg_Turb,1,9938,61,216,0.0,0.20603448275862038,2.1734755484000803,0.6138055946870598
Avg_Turb,2,9162,50,260,0.0,0.23076923076923098,2.837808338790657,0.5457323728443572
Avg_Turb,3,9488,56,227,0.0,0.2222222222222224,2.392495784148398,0.5902192242833052
Avg_Turb,4,8937,46,215,0.0,0.21255411255411027,2.405728991831711,0.514714109880273
Avg_Turb,5,9880,82,197,0.0,0.21431909212282996,1.9939271255060729,0.8299595141700404
Avg_Turb,6,9521,52,189,0.0,0.20000000000000023,1.9850856002520743,0.5461611175296712
Avg_Turb,7,9407,73,221,0.0,0.20000000000000018,2.34931434038482,0.7760178590411396
Avg_Turb,8,9840,63,159,0.0,0.16514729648709017,1.6158536585365855,0.6402439024390244
Avg_Turb,9,9508,63,198,0.0,0.18129657228017823,2.0824568784181743,0.6625999158603282
Avg_Turb,10,8721,66,191,0.0,0.2068965517241379,2.1901158124068343,0.7567939456484348
Avg_Turb,11,7586,49,145,0.0,0.20554812834224603,1.911415765884524,0.6459267070920116
Avg_Turb,12,9239,66,220,0.0,0.22727272727272704,2.381210087671826,0.7143630263015478
Avg_Chl,1,9938,32,49,0.0,0.12000000000000001,0.4930569531092775,0.32199637754075267
Avg_Chl,2,9162,30,41,0.0,0.11623434704829966,0.44750054573237286,0.3274394237066143
Avg_Chl,3,9488,37,33,0.0,0.1249999999999999,0.34780775716694773,0.3899662731871838
Avg_Chl,4,8937,37,25,0.0,0.14285714285714268,0.2797359292827571,0.4140091753384805
Avg_Chl,5,9880,31,48,0.0,0.14285714285714296,0.48582995951417,0.31376518218623484
Avg_Chl,6,9521,33,28,0.0,0.1428571428571425,0.29408675559289993,0.3466022476630606
Avg_Chl,7,9407,30,49,0.0,0.1363636363636365,0.5208886999043265,0.31891144892101625
Avg_Chl,8,9840,42,41,0.0,0.13797892720306454,0.4166666666666667,0.4268292682926829
Avg_Chl,9,9508,36,23,0.0,0.1310057092665785,0.2419015565839293,0.37862852334875896
Avg_Chl,10,8721,21,35,0.0,0.1250000000000001,0.4013301226923518,0.24079807361541108
Avg_Chl,11,7586,23,49,0.0,0.12500000000000008,0.6459267070920116,0.30319008700237277
Avg_Chl,12,9239,26,45,0.0,0.11111111111111104,0.4870656997510553,0.28141573763394306
Avg_CDOM,1,9938,32,50,0.0,0.08004268292682921,0.5031193399074261,0.32199637754075267
Avg_CDOM,2,9162,28,94,0.0,0.10000000000000006,1.0259768609473914,0.30561012879284
Avg_CDOM,3,9488,23,80,0.0,0.08000000000000007,0.8431703204047217,0.2424114671163575
Avg_CDOM,4,8937,23,51,0.0,0.07692307692307698,0.5706612957368244,0.2573570549401365
Avg_CDOM,5,9880,18,48,0.0,0.07142857142857073,0.48582995951417,0.18218623481781376
Avg_CDOM,6,9521,24,37,0.0,0.06250000000000004,0.38861464131918916,0.25207436193677135
Avg_CDOM,7,9407,36,89,0.0,0.09191270860076955,0.9461039651323483,0.3826937387052195
Avg_CDOM,8,9840,37,65,0.0,0.07692307692307698,0.6605691056910569,0.37601626016260165
Avg_CDOM,9,9508,32,47,0.0,0.08333333333333341,0.4943205721497686,0.33655868742111905
Avg_CDOM,10,8721,25,53,0.0,0.09090909090909097,0.6077284715055613,0.2866643733516799
Avg_CDOM,11,7586,28,62,0.0,0.09375000000000003,0.8172950171368311,0.3691009754811495
Avg_CDOM,12,9239,34,56,0.0,0.09756097560975571,0.6061262041346466,0.368005195367464
